username,Name,Street,AddrLine2,StateZip,email,Phone,
glewis,Anthony Thomas DVM,532 Michael Radial,Port Connorville,NM 71043,anthony52@gmail.com,(512) 292-3067,
wallssamantha,Valerie Barrera,91083 Christopher Field,Port Alyssa,MA 84433,kelleythomas@yahoo.com,(512) 476-1492,
melanie05,Melissa Anderson,5324 Donna Station Suite 578,Beardburgh,NJ 49740,mooredaniel@gmail.com,(732) 814-4929,
nbecker,Jason Kennedy,02930 Collins Dale,New Rebeccamouth,MI 82754,brandon51@gmail.com,2814304153,
weaverlauren,Thomas Robles,1626 Love Ford,South Chad,MT 53572,lford@gmail.com,9722260600,
gary15,Taylor Martinez,307 Brian Viaduct,Hayeschester,ME 37261,sserrano@yahoo.com,3308360567,
orhodes,Laura Maldonado,285 Nguyen Gardens,Whitebury,MS 46105,psuarez@gmail.com,2818440799,
davidlee,Brandon Myers,12378 Lisa Ways Suite 065,Port Janechester,NY 61543,millerpatricia@gmail.com,(530) 526-5734,
fgamble,William Chavez,Unit 4390 Box 1717,DPO AA 89069,,robertgreen@hotmail.com,(512) 964-6612,
michaelherrera,Holly Jackson,88583 Bryan Centers Suite 295,Whiteburgh,KS 62997,stephanie85@yahoo.com,,
zjohnson,Mark Freeman,772 Harris Extension Suite 504,Rebeccamouth,MO 83479,kbrown@gmail.com,(281) 488-3032,
michelle77,Angela Fields,USNV Gentry,FPO AE 51618,,jessicasmith@gmail.com,9184921983,
briandunlap,Anita Scott,3624 Melissa Fall,Hancockport,OR 96926,mikecarey@gmail.com,(512) 217-0274,
erinarnold,Dana Stewart,774 Michelle Freeway,Lake Autumnborough,CT 99124,melissaharris@gmail.com,(719) 539-7184,
vadams,Jack Odonnell,1331 Fuller Mount,Jamesmouth,SD 18844,molinajulie@gmail.com,(317) 251-7083,
grayseth,Edward Green,Unit 5588 Box 7739,DPO AP 99475,,comptonjesse@gmail.com,(281) 757-3831,
middletoncolton,Leslie Huff,8495 Moon Shoals,North Bruce,IA 98843,forbesrhonda@yahoo.com,(512) 936-2087,
lindsay97,Brandi Duke,102 Michael Fords Suite 849,Port Jamesstad,CO 67903,thompsonshirley@yahoo.com,(214) 912-5040,
cshelton,Richard Smith,10524 Tran Canyon,Doyleville,NC 53061,sarahchase@hotmail.com,(713) 444-7120,
tiffanymiller,Michael Ford,10365 Ricky Pine Apt. 841,West Christopher,RI 36883,williamsstephanie@gmail.com,(330) 836-0567,
catherine07,Paula King,026 Smith Oval,South Courtneyshire,IA 81890,nelsonbailey@gmail.com,(979) 277-0874,
christiejohnson,Donna Cook,99752 Farrell Ford Suite 505,New David,ID 67112,vgeorge@gmail.com,2144159899,
kreyes,Tyler Spencer,792 Desiree Island Apt. 612,Morrisport,KS 03269,rpotter@hotmail.com,(281) 216-6693,
amandafisher,Nicole Daniel,2173 David Flats Suite 769,South Cheryl,ME 82408,longheather@yahoo.com,(512) 423-5691,
ginarice,Brandon Nelson,6734 Mejia Squares Suite 989,Joannaside,NH 88506,ayalasarah@yahoo.com,(214) 886-1004,
yeseniaguzman,Denise Elliott,9942 Patrick Underpass,Alvinhaven,NY 40022,nancy77@gmail.com,(832) 366-7532,
wsmith,Regina Aguilar,620 Thomas Point,Murphyshire,AK 62402,brookscrystal@gmail.com,(719) 598-7881,
dgreene,Caleb Hernandez,8330 Beth Mall Apt. 321,West Joshuabury,CA 91285,tmurphy@yahoo.com,(214) 843-8699,
iross,Julie White,1196 Yang Plaza Suite 624,Lake Johnstad,DE 02657,elizabeth09@hotmail.com,5127639477,
masonjames,Mrs. Courtney Bridges DDS,839 Nicholas Mews,South Thomas,NM 70019,michaelbryce@hotmail.com,(512) 239-9813,
williamwilkinson,Amber Tucker,984 Robert Lane,Robinsonport,OR 62840,fgoodwin@hotmail.com,9569987447,
jeffrey65,Michelle Mitchell,427 Daniels Square Apt. 155,Petersfort,OK 75719,debra94@gmail.com,(719) 596-2019,
eadams,Kyle Bates,USNV Carter,FPO AE 38928,,steven08@hotmail.com,(972) 822-3456,
haley36,Martin Wong,47418 Serrano Estate Apt. 832,Peckhaven,AK 88018,apreston@hotmail.com,(830) 899-4638,
dana51,Brandy Johnson,5157 Carly Islands Apt. 726,Amandastad,TN 35344,fwebb@hotmail.com,,
catherine71,Zoe Warren,8918 Jason Grove Apt. 085,South Patricia,TX 45791,allison95@yahoo.com,,
jillfrancis,Dr. Antonio Brooks,80081 Jennifer Shoals,Joneshaven,OR 43930,cynthia84@yahoo.com,(972) 822-3456,
gsmith,Yvette Richardson,USS Wu,FPO AE 95252,,jeffreyrodriguez@hotmail.com,(210) 826-3812,
davidnorton,Maria Brown,139 Veronica Locks Apt. 869,Johnsonchester,NV 28432,hallshannon@gmail.com,(512) 327-3486,
turnerevan,Mark Thomas,864 Theresa Brook Apt. 076,South Larryburgh,KY 88916,jkramer@hotmail.com,5043931256,
osmith,John Holland,Unit 0502 Box 7835,DPO AA 57357,,ksmith@hotmail.com,3104053718,
esandoval,Jennifer Mendez,7591 Cheryl Viaduct,Reedbury,MA 69617,eddie41@hotmail.com,5124587634,
joneskim,Nancy Hill,94268 Francis Fords Apt. 243,North Lisamouth,ME 18154,tarataylor@hotmail.com,5124519600,
brianna05,Rodney Peck,792 John Shore,North Kathleen,MN 89223,grantmatthew@gmail.com,4326870781,
fischerbrian,Robert Spencer,4127 Pitts Ranch Suite 479,West Alex,OH 51163,cward@yahoo.com,4326840086,
lrollins,Michael Riley,5490 Ronald Wall,West Christopher,WI 40871,stewartkevin@gmail.com,(214) 562-5537,
kboyd,Laura Rios,Unit 6406 Box 7911,DPO AE 41298,,tdawson@yahoo.com,(720) 435-8665,
ksmith,Michael Dixon,60505 Bryant Pines Suite 033,East Tonya,DE 08985,ogrant@yahoo.com,8176801361,
greenmichael,Jessica Green,5781 Nguyen Keys,Lake Ethanshire,CA 85051,taylorlittle@gmail.com,2108633746,
bateseric,Charles Rhodes,969 Jo Prairie Suite 892,Ryanside,PA 14790,xstafford@hotmail.com,8303363391,
singletonbrandon,Leah Lopez,PSC 3309,Box 7873,APO AP 61973,wkaufman@gmail.com,7137808956,
meyermelissa,Debra Williams,1170 Levy Manor,Cooperhaven,ME 50958,wendy12@yahoo.com,5124637831,
susan30,Daniel Burton,650 Seth Parks,North Brittany,DE 86122,ycasey@yahoo.com,(512) 775-9430,
jesse68,Justin Myers,33690 Martin Manors Suite 132,Port Wendy,MO 22262,catherine30@hotmail.com,,
ascott,Patricia Hicks,6740 Hurst Motorway Suite 626,Burtonland,NM 94367,mccartybailey@hotmail.com,3122173013,
mcdonaldbrian,Jill Torres,USNS Jones,FPO AA 51117,,timothysmith@gmail.com,(310) 405-3718,
kathleenreese,Travis Webb,382 Simpson Alley,Alyssashire,SD 00548,selenadickerson@gmail.com,8329483714,
kallen,Michael Martinez,5490 Roger Port,North Danielleborough,TN 20710,richardhernandez@yahoo.com,,
wperez,Danielle Leonard,PSC 3696,Box 1748,APO AA 12475,traviskennedy@yahoo.com,4803990035,
shahstacy,David Jackson,7734 Barker Meadows,Bauerfurt,MD 17368,mthompson@yahoo.com,(325) 247-3151,
walshmichael,Jeremy Mitchell,39948 Glenn Shoal Apt. 222,Lake Shawnhaven,MO 23512,qowen@gmail.com,(936) 931-9609,
torreschristian,Charles Fields,955 Harrington Street Apt. 566,South Brittanyberg,UT 17739,garciavanessa@hotmail.com,,
sjohns,Dominique Petersen,193 Gonzalez Station Apt. 005,South Jamesstad,WV 43430,ericboone@gmail.com,,
nicole34,Cameron Jarvis,296 Sean Motorway,Atkinsburgh,NE 29497,georgegloria@yahoo.com,,
shari91,Joshua Ryan,186 Janice Orchard,New Emmastad,IL 33083,kenneth93@hotmail.com,(210) 655-2919,
allenpaige,Christine Soto,USS Preston,FPO AE 59105,,melissaburton@gmail.com,(832) 567-5502,
ashley51,Stephen Lewis,58400 Keith Mountain,South Justinton,MA 48479,guzmanjeffery@gmail.com,(713) 468-3488,
rosaleswendy,Aimee Thompson,76652 Collins Loaf,Loweryborough,NV 18326,ljones@gmail.com,(512) 507-8185,
christopher10,Teresa Terry,20687 Harris Isle,Port Wanda,AL 15159,wrodriguez@yahoo.com,5128287376,
william52,Timothy Wilson,7424 Austin Estate Apt. 534,Robertburgh,NM 98248,ginasmith@hotmail.com,8178761932,
uvalenzuela,Mrs. Kimberly Daniels,Unit 0865 Box 1176,DPO AE 78231,,lisa70@hotmail.com,(817) 874-1526,
michaelmurray,Bradley Santiago,32449 Ruiz Creek,New Karen,KY 49714,kevin21@yahoo.com,7134985114,
gary83,Kevin Smith,PSC 6484,Box 3210,APO AE 30339,aayala@yahoo.com,(512) 261-9725,
karen37,John Grant DVM,81520 Good Crest Suite 953,Smithchester,CO 03581,wwhite@hotmail.com,(817) 517-1448,
katierasmussen,Cheryl Hammond,88344 Rosales Brook Apt. 152,Darylmouth,NM 87725,williamsconnie@hotmail.com,,
austinkelly,Kevin Nicholson II,309 Williams Plains Apt. 340,Ramseyside,AZ 65902,marysmall@yahoo.com,(512) 496-9029,
annhale,Benjamin Lee,949 Jorge Drive,Port Joshuafurt,VA 48327,allison82@yahoo.com,8589220107,
hector49,Timothy Navarro,77705 Janet Mount Suite 773,Barrton,OR 88766,qdyer@hotmail.com,2057399879,
tyler62,Bianca Parker,01231 Lisa Island Apt. 976,New Randallside,NH 09660,holdermichelle@hotmail.com,6613029457,
marquezjames,Nathaniel Cruz,2201 Poole Camp,East Mariaborough,KS 77359,karenmueller@gmail.com,9725672037,
stacybradley,Brandy Mitchell,18459 Stephanie Tunnel Apt. 184,East Todd,WA 95038,briannielsen@yahoo.com,5124615692,
moorelarry,Cynthia Freeman,USNV Allen,FPO AE 19488,,amywilkins@hotmail.com,4079629791,
mdaniel,Heather Yang,1561 Page Street Apt. 329,Clarkberg,CT 03091,dfoster@yahoo.com,5022996406,
dennistammy,Michael Young,372 Taylor Club,Danielbury,IN 44887,kennethramirez@gmail.com,2817994011,
gary54,Evelyn Brooks,83785 Gonzalez Port,Shafferside,RI 46586,nicholaspowell@hotmail.com,2814304153,
brownjoanna,Jenna Decker,426 Davis Path Apt. 583,Schaeferport,CT 96380,youngerika@gmail.com,9176027633,
michaelperez,Ryan Gray,642 Christopher Station,Port Patriciahaven,CT 98543,bridget43@hotmail.com,9142387951,
johnpeterson,Lisa Harris,1625 Anderson Coves Apt. 806,East Alicia,CA 24780,christinelarson@hotmail.com,5124687091,
trancarolyn,Rebecca Clark,06740 Thomas Stream Suite 621,New Michaelland,PA 18151,cwright@hotmail.com,5127335349,
robert54,Stephen Mendez,46857 Gonzalez Skyway,Leehaven,UT 17712,danielmartin@yahoo.com,8172350350,
christopherfoster,Elizabeth Greene,1294 Katie Square,Masonchester,PA 33277,andreaconway@hotmail.com,9492354382,
jonathanclark,Dr. Karen Gonzalez,USNS Nguyen,FPO AP 76801,,oross@gmail.com,7372030067,
terry97,Christina Acosta,01932 Huang Well,Port Richardstad,DC 18380,marshalleric@gmail.com,4692311902,
carpenteramanda,Kayla Lewis,8794 Natalie Mountains,Timothymouth,ND 88164,akim@gmail.com,9726123950,
stephaniecohen,Kim Cook,070 Johnson Field Apt. 060,Amberland,WV 31632,gayamanda@gmail.com,4693871708,
vharper,Joseph Hall,971 Chelsea Junction Suite 848,West Michael,SD 34788,htucker@hotmail.com,9153099032,
johnsonjeffrey,Paul Sanders,PSC 2589,Box 7826,APO AE 03875,briggs@yahoo.com,8325775831,
lambertnicholas,Grace Allen,USCGC Harris,FPO AE 56813,,rebecca84@yahoo.com,4084726380,
allenstephanie,Wendy Carpenter,Unit 8074 Box 6908,DPO AA 51627,,howarddavid@yahoo.com,2147175812,
zrasmussen,Stephen Santos,31654 Austin Square,Myersview,NV 47339,marilynhubbard@gmail.com,2103949361,
